[
  { "slug": "aalst", "naam": "Aalst", "postcode": "9300" },
  { "slug": "assenede", "naam": "Assenede", "postcode": "9960" },
  { "slug": "berlare", "naam": "Berlare", "postcode": "9290" },
  { "slug": "beveren", "naam": "Beveren", "postcode": "9120" },
  { "slug": "brakel", "naam": "Brakel", "postcode": "9660" },
  { "slug": "buggenhout", "naam": "Buggenhout", "postcode": "9255" },
  { "slug": "de-pinte", "naam": "De Pinte", "postcode": "9840" },
  { "slug": "deinze", "naam": "Deinze", "postcode": "9800" },
  { "slug": "denderleeuw", "naam": "Denderleeuw", "postcode": "9470" },
  { "slug": "dendermonde", "naam": "Dendermonde", "postcode": "9200" },
  { "slug": "destelbergen", "naam": "Destelbergen", "postcode": "9070" },
  { "slug": "eeklo", "naam": "Eeklo", "postcode": "9900" },
  { "slug": "erpe-mere", "naam": "Erpe-Mere", "postcode": "9420" },
  { "slug": "evergem", "naam": "Evergem", "postcode": "9940" },
  { "slug": "gavere", "naam": "Gavere", "postcode": "9890" },
  { "slug": "gent", "naam": "Gent", "postcode": "9000" },
  { "slug": "geraardsbergen", "naam": "Geraardsbergen", "postcode": "9500" },
  { "slug": "haaltert", "naam": "Haaltert", "postcode": "9450" },
  { "slug": "hamme", "naam": "Hamme", "postcode": "9220" },
  { "slug": "herzele", "naam": "Herzele", "postcode": "9550" },
  { "slug": "horebeke", "naam": "Horebeke", "postcode": "9667" },
  { "slug": "kaprijke", "naam": "Kaprijke", "postcode": "9970" },
  { "slug": "kluisbergen", "naam": "Kluisbergen", "postcode": "9690" },
  { "slug": "kruibeke", "naam": "Kruibeke", "postcode": "9150" },
  { "slug": "kruisem", "naam": "Kruisem", "postcode": "9770" },
  { "slug": "laarne", "naam": "Laarne", "postcode": "9270" },
  { "slug": "lebbeke", "naam": "Lebbeke", "postcode": "9280" },
  { "slug": "lede", "naam": "Lede", "postcode": "9340" },
  { "slug": "lierde", "naam": "Lierde", "postcode": "9570" },
  { "slug": "lievegem", "naam": "Lievegem", "postcode": "9920" },
  { "slug": "lochristi", "naam": "Lochristi", "postcode": "9080" },
  { "slug": "lokeren", "naam": "Lokeren", "postcode": "9160" },
  { "slug": "maarkedal", "naam": "Maarkedal", "postcode": "9680" },
  { "slug": "maldegem", "naam": "Maldegem", "postcode": "9990" },
  { "slug": "melle", "naam": "Melle", "postcode": "9090" },
  { "slug": "merelbeke", "naam": "Merelbeke", "postcode": "9820" },
  { "slug": "moerbeke", "naam": "Moerbeke", "postcode": "9180" },
  { "slug": "nazareth", "naam": "Nazareth", "postcode": "9810" },
  { "slug": "ninove", "naam": "Ninove", "postcode": "9400" },
  { "slug": "oosterzele", "naam": "Oosterzele", "postcode": "9860" },
  { "slug": "oudenaarde", "naam": "Oudenaarde", "postcode": "9700" },
  { "slug": "ronse", "naam": "Ronse", "postcode": "9600" },
  { "slug": "sint-gillis-waas", "naam": "Sint-Gillis-Waas", "postcode": "9170" },
  { "slug": "sint-lievens-houtem", "naam": "Sint-Lievens-Houtem", "postcode": "9520" },
  { "slug": "sint-martens-latem", "naam": "Sint-Martens-Latem", "postcode": "9830" },
  { "slug": "sint-niklaas", "naam": "Sint-Niklaas", "postcode": "9100" },
  { "slug": "stekene", "naam": "Stekene", "postcode": "9190" },
  { "slug": "temse", "naam": "Temse", "postcode": "9140" },
  { "slug": "waasmunster", "naam": "Waasmunster", "postcode": "9250" },
  { "slug": "wachtebeke", "naam": "Wachtebeke", "postcode": "9185" },
  { "slug": "wetteren", "naam": "Wetteren", "postcode": "9230" },
  { "slug": "wichelen", "naam": "Wichelen", "postcode": "9260" },
  { "slug": "wortegem-petegem", "naam": "Wortegem-Petegem", "postcode": "9790" },
  { "slug": "zele", "naam": "Zele", "postcode": "9240" },
  { "slug": "zelzate", "naam": "Zelzate", "postcode": "9060" },
  { "slug": "zottegem", "naam": "Zottegem", "postcode": "9620" },
  { "slug": "zulte", "naam": "Zulte", "postcode": "9870" },
  { "slug": "zwalm", "naam": "Zwalm", "postcode": "9630" },

  { "slug": "denderhoutem", "naam": "Denderhoutem", "postcode": "9450", "isDeelgemeente": true, "hoofdgemeente": "Haaltert" },
  { "slug": "hansbeke", "naam": "Hansbeke", "postcode": "9850", "isDeelgemeente": true, "hoofdgemeente": "Deinze" },
  { "slug": "landegem", "naam": "Landegem", "postcode": "9850", "isDeelgemeente": true, "hoofdgemeente": "Deinze" },
  { "slug": "machelen", "naam": "Machelen", "postcode": "9870", "isDeelgemeente": true, "hoofdgemeente": "Zulte" },
  { "slug": "zeveren", "naam": "Zeveren", "postcode": "9800", "isDeelgemeente": true, "hoofdgemeente": "Deinze" },
  { "slug": "grembergen", "naam": "Grembergen", "postcode": "9200", "isDeelgemeente": true, "hoofdgemeente": "Dendermonde" },
  { "slug": "liedekerke", "naam": "Liedekerke", "postcode": "1770", "isDeelgemeente": true, "hoofdgemeente": "Liedekerke" }
]
